Credit_History,Property_Area,Married,Education,LoanAmount,Loan_Amount_Term,Gender,Self_Employed,TotalIncome,CoapplicantIncome,Loan_Status,Loan_ID
continuous,continuous,continuous,continuous,continuous,continuous,continuous,continuous,continuous,continuous,discrete,string
,,,,,,,,,,class,meta
1.0,2.0,0.0,0.0,146.41216216216216,360.0,1.0,0.0,5849.0,0.0,Y,LP001002
1.0,0.0,1.0,0.0,128.0,360.0,1.0,0.0,6091.0,1508.0,N,LP001003
1.0,2.0,1.0,0.0,66.0,360.0,1.0,1.0,3000.0,0.0,Y,LP001005
1.0,2.0,1.0,1.0,120.0,360.0,1.0,0.0,4941.0,2358.0,Y,LP001006
1.0,2.0,0.0,0.0,141.0,360.0,1.0,0.0,6000.0,0.0,Y,LP001008
1.0,2.0,1.0,0.0,267.0,360.0,1.0,1.0,9613.0,4196.0,Y,LP001011
1.0,2.0,1.0,1.0,95.0,360.0,1.0,0.0,3849.0,1516.0,Y,LP001013
0.0,1.0,1.0,0.0,158.0,360.0,1.0,0.0,5540.0,2504.0,N,LP001014
1.0,2.0,1.0,0.0,168.0,360.0,1.0,0.0,5532.0,1526.0,Y,LP001018
1.0,1.0,1.0,0.0,349.0,360.0,1.0,0.0,23809.0,10968.0,N,LP001020
1.0,2.0,1.0,0.0,70.0,360.0,1.0,0.0,3900.0,700.0,Y,LP001024
1.0,2.0,1.0,0.0,109.0,360.0,1.0,0.0,4340.0,1840.0,Y,LP001027
1.0,2.0,1.0,0.0,200.0,360.0,1.0,0.0,11179.0,8106.0,Y,LP001028
1.0,0.0,0.0,0.0,114.0,360.0,1.0,0.0,4693.0,2840.0,N,LP001029
1.0,2.0,1.0,0.0,17.0,120.0,1.0,0.0,2385.0,1086.0,Y,LP001030
1.0,2.0,0.0,0.0,125.0,360.0,1.0,0.0,4950.0,0.0,Y,LP001032
1.0,2.0,0.0,1.0,100.0,240.0,1.0,0.0,3596.0,0.0,Y,LP001034
0.0,2.0,0.0,0.0,76.0,360.0,0.0,0.0,3510.0,0.0,N,LP001036
1.0,0.0,1.0,1.0,133.0,360.0,1.0,0.0,4887.0,0.0,N,LP001038
1.0,2.0,1.0,0.0,115.0,342.0,1.0,0.0,6100.0,3500.0,Y,LP001041
0.0,2.0,1.0,1.0,104.0,360.0,1.0,0.0,7660.0,0.0,N,LP001043
1.0,2.0,1.0,0.0,315.0,360.0,1.0,0.0,11580.0,5625.0,Y,LP001046
0.0,1.0,1.0,1.0,116.0,360.0,1.0,0.0,4511.0,1911.0,N,LP001047
0.0,0.0,1.0,1.0,112.0,360.0,1.0,0.0,5282.0,1917.0,N,LP001050
1.0,1.0,1.0,0.0,151.0,360.0,1.0,0.0,6642.0,2925.0,N,LP001052
1.0,1.0,1.0,0.0,191.0,360.0,1.0,1.0,9560.0,0.0,Y,LP001066
1.0,1.0,1.0,0.0,122.0,360.0,1.0,0.0,5052.0,2253.0,Y,LP001068
1.0,2.0,1.0,1.0,110.0,360.0,1.0,0.0,5266.0,1040.0,Y,LP001073
1.0,2.0,0.0,1.0,35.0,360.0,1.0,0.0,1442.0,0.0,N,LP001086
1.0,1.0,0.0,0.0,120.0,360.0,0.0,0.0,5833.0,2083.0,Y,LP001087
1.0,2.0,1.0,0.0,201.0,360.0,1.0,0.0,7535.0,3369.0,N,LP001091
1.0,2.0,0.0,0.0,74.0,360.0,1.0,0.0,3167.0,0.0,N,LP001095
1.0,0.0,0.0,0.0,106.0,360.0,1.0,1.0,4692.0,0.0,N,LP001097
1.0,1.0,1.0,0.0,114.0,360.0,1.0,0.0,5167.0,1667.0,Y,LP001098
1.0,0.0,0.0,0.0,320.0,360.0,1.0,0.0,15500.0,3000.0,N,LP001100
1.0,2.0,1.0,0.0,146.41216216216216,360.0,1.0,0.0,4342.0,2067.0,Y,LP001106
0.0,2.0,1.0,0.0,100.0,342.0,1.0,0.0,3158.0,1330.0,N,LP001109
1.0,1.0,1.0,0.0,144.0,360.0,0.0,0.0,5126.0,1459.0,Y,LP001112
1.0,2.0,0.0,0.0,184.0,360.0,1.0,0.0,11376.0,7210.0,Y,LP001114
1.0,1.0,0.0,1.0,110.0,360.0,1.0,0.0,5416.0,1668.0,Y,LP001116
1.0,2.0,0.0,0.0,80.0,360.0,1.0,0.0,3600.0,0.0,N,LP001119
1.0,2.0,0.0,0.0,47.0,360.0,1.0,0.0,3013.0,1213.0,Y,LP001120
1.0,2.0,1.0,0.0,75.0,360.0,1.0,0.0,2400.0,0.0,Y,LP001123
1.0,1.0,1.0,0.0,134.0,360.0,1.0,0.0,6277.0,2336.0,Y,LP001131
1.0,2.0,1.0,1.0,96.0,342.0,1.0,1.0,4695.0,0.0,Y,LP001136
1.0,2.0,0.0,0.0,88.0,342.0,0.0,0.0,3410.0,0.0,Y,LP001137
1.0,2.0,1.0,0.0,44.0,360.0,1.0,0.0,5649.0,0.0,Y,LP001138
1.0,2.0,1.0,0.0,144.0,360.0,1.0,0.0,5821.0,0.0,Y,LP001144
0.0,2.0,1.0,0.0,120.0,360.0,0.0,0.0,6085.0,3440.0,N,LP001146
1.0,1.0,0.0,0.0,144.0,360.0,0.0,0.0,6275.0,2275.0,Y,LP001151
1.0,1.0,1.0,1.0,100.0,360.0,0.0,0.0,3572.0,1644.0,Y,LP001155
1.0,1.0,0.0,0.0,120.0,360.0,0.0,0.0,3086.0,0.0,Y,LP001157
1.0,1.0,0.0,0.0,112.0,360.0,0.0,0.0,4230.0,0.0,N,LP001164
1.0,2.0,1.0,0.0,134.0,360.0,1.0,0.0,4616.0,0.0,N,LP001179
0.0,2.0,1.0,0.0,286.0,360.0,0.0,1.0,11500.0,0.0,N,LP001186
1.0,1.0,1.0,0.0,97.0,360.0,1.0,0.0,3875.0,1167.0,Y,LP001194
1.0,1.0,1.0,0.0,96.0,360.0,1.0,0.0,3723.0,1591.0,Y,LP001195
1.0,0.0,1.0,0.0,135.0,360.0,1.0,0.0,5566.0,2200.0,N,LP001197
1.0,2.0,1.0,0.0,180.0,360.0,1.0,0.0,10330.0,2250.0,Y,LP001198
1.0,2.0,1.0,1.0,144.0,360.0,1.0,0.0,6216.0,2859.0,Y,LP001199
1.0,2.0,1.0,0.0,120.0,360.0,1.0,0.0,6296.0,3796.0,Y,LP001205
1.0,2.0,1.0,0.0,99.0,360.0,1.0,0.0,3029.0,0.0,Y,LP001206
0.0,0.0,1.0,1.0,165.0,180.0,1.0,1.0,6058.0,3449.0,N,LP001207
0.0,0.0,1.0,0.0,146.41216216216216,360.0,1.0,0.0,4945.0,0.0,N,LP001213
0.0,1.0,0.0,0.0,116.0,360.0,0.0,0.0,4166.0,0.0,N,LP001222
1.0,1.0,1.0,0.0,258.0,360.0,1.0,0.0,10321.0,4595.0,N,LP001225
0.0,2.0,0.0,1.0,126.0,180.0,1.0,0.0,5454.0,2254.0,N,LP001228
1.0,2.0,1.0,0.0,312.0,360.0,1.0,0.0,10750.0,0.0,Y,LP001233
1.0,2.0,1.0,1.0,125.0,60.0,1.0,1.0,7100.0,0.0,Y,LP001238
0.0,1.0,0.0,0.0,136.0,360.0,0.0,0.0,4300.0,0.0,N,LP001241
1.0,2.0,1.0,0.0,172.0,360.0,1.0,0.0,6274.0,3066.0,Y,LP001243
1.0,1.0,1.0,1.0,97.0,360.0,1.0,1.0,3750.0,1875.0,Y,LP001245
1.0,1.0,0.0,0.0,81.0,300.0,1.0,0.0,3500.0,0.0,Y,LP001248
0.0,1.0,1.0,1.0,95.0,342.0,1.0,0.0,4755.0,0.0,N,LP001250
1.0,1.0,1.0,0.0,187.0,360.0,1.0,1.0,7040.0,1774.0,Y,LP001253
1.0,2.0,0.0,0.0,113.0,480.0,1.0,0.0,3750.0,0.0,N,LP001255
1.0,2.0,0.0,0.0,176.0,360.0,1.0,0.0,8500.0,4750.0,N,LP001256
1.0,2.0,1.0,0.0,110.0,360.0,1.0,1.0,4022.0,3022.0,N,LP001259
0.0,1.0,1.0,0.0,180.0,300.0,1.0,0.0,7167.0,4000.0,N,LP001263
1.0,1.0,1.0,1.0,130.0,360.0,1.0,1.0,5499.0,2166.0,Y,LP001264
1.0,1.0,0.0,0.0,111.0,360.0,0.0,0.0,3846.0,0.0,Y,LP001265
1.0,1.0,1.0,0.0,146.41216216216216,360.0,1.0,1.0,2395.0,0.0,Y,LP001266
1.0,2.0,1.0,0.0,167.0,360.0,0.0,0.0,3259.0,1881.0,N,LP001267
1.0,1.0,1.0,0.0,265.0,360.0,1.0,0.0,8250.0,2250.0,N,LP001273
1.0,2.0,1.0,0.0,50.0,240.0,1.0,0.0,3988.0,0.0,Y,LP001275
1.0,1.0,0.0,0.0,136.0,360.0,1.0,0.0,4897.0,2531.0,Y,LP001279
1.0,1.0,1.0,1.0,99.0,360.0,1.0,0.0,5333.0,2000.0,Y,LP001280
1.0,1.0,1.0,0.0,104.0,360.0,1.0,0.0,4618.0,2118.0,Y,LP001282
1.0,2.0,0.0,0.0,210.0,360.0,1.0,0.0,8566.0,0.0,Y,LP001289
1.0,1.0,1.0,0.0,175.0,360.0,1.0,0.0,9862.0,4167.0,Y,LP001310
1.0,1.0,1.0,0.0,131.0,360.0,1.0,0.0,5858.0,2900.0,Y,LP001316
1.0,1.0,1.0,0.0,188.0,180.0,1.0,0.0,11904.0,5654.0,Y,LP001318
1.0,2.0,1.0,1.0,81.0,360.0,1.0,0.0,5093.0,1820.0,Y,LP001319
1.0,1.0,0.0,0.0,122.0,360.0,1.0,0.0,4133.0,0.0,Y,LP001322
1.0,1.0,0.0,1.0,25.0,120.0,1.0,0.0,3620.0,0.0,Y,LP001325
1.0,2.0,0.0,0.0,146.41216216216216,360.0,1.0,0.0,6782.0,0.0,N,LP001326
1.0,1.0,1.0,0.0,137.0,360.0,0.0,0.0,4786.0,2302.0,Y,LP001327
1.0,1.0,1.0,0.0,50.0,360.0,1.0,0.0,2974.0,997.0,Y,LP001333
1.0,1.0,1.0,1.0,115.0,180.0,1.0,0.0,4188.0,0.0,Y,LP001334
1.0,1.0,1.0,0.0,131.0,360.0,1.0,0.0,5300.0,3541.0,Y,LP001343
1.0,2.0,1.0,1.0,133.0,180.0,1.0,0.0,7551.0,3263.0,Y,LP001345
1.0,1.0,0.0,0.0,151.0,360.0,1.0,0.0,8649.0,3806.0,Y,LP001349
1.0,2.0,1.0,0.0,146.41216216216216,360.0,1.0,0.0,13650.0,0.0,Y,LP001350
1.0,1.0,1.0,0.0,146.41216216216216,360.0,1.0,0.0,8235.0,3583.0,Y,LP001356
1.0,2.0,1.0,0.0,160.0,360.0,1.0,0.0,4570.0,754.0,Y,LP001357
1.0,2.0,1.0,0.0,100.0,360.0,1.0,0.0,4082.0,1030.0,Y,LP001367
1.0,2.0,1.0,0.0,225.0,360.0,1.0,0.0,12543.0,1126.0,Y,LP001369
1.0,0.0,0.0,1.0,120.0,360.0,1.0,0.0,7333.0,0.0,N,LP001370
0.0,2.0,1.0,0.0,216.0,360.0,1.0,0.0,7400.0,3600.0,N,LP001379
1.0,1.0,1.0,1.0,94.0,480.0,1.0,0.0,2825.0,754.0,Y,LP001384
1.0,2.0,0.0,0.0,136.0,360.0,1.0,0.0,5316.0,0.0,Y,LP001385
1.0,1.0,1.0,0.0,139.0,360.0,0.0,0.0,5262.0,2333.0,Y,LP001387
0.0,0.0,1.0,1.0,152.0,342.0,1.0,0.0,7686.0,4114.0,N,LP001391
1.0,1.0,0.0,0.0,146.41216216216216,360.0,0.0,1.0,7451.0,0.0,Y,LP001392
1.0,1.0,0.0,0.0,118.0,360.0,1.0,0.0,5050.0,0.0,Y,LP001398
1.0,0.0,1.0,0.0,185.0,180.0,1.0,0.0,14583.0,0.0,Y,LP001401
1.0,1.0,1.0,0.0,154.0,360.0,0.0,0.0,5450.0,2283.0,Y,LP001404
1.0,2.0,1.0,0.0,85.0,360.0,1.0,0.0,3612.0,1398.0,Y,LP001405
1.0,0.0,1.0,0.0,175.0,360.0,1.0,0.0,7710.0,2142.0,N,LP001421
1.0,2.0,0.0,0.0,259.0,360.0,0.0,0.0,10408.0,0.0,Y,LP001422
1.0,0.0,1.0,0.0,180.0,360.0,1.0,0.0,8334.0,2667.0,Y,LP001426
1.0,1.0,0.0,0.0,44.0,360.0,0.0,0.0,4166.0,0.0,Y,LP001430
0.0,1.0,0.0,0.0,137.0,360.0,0.0,0.0,11117.0,8980.0,Y,LP001431
1.0,1.0,1.0,0.0,81.0,360.0,1.0,0.0,2957.0,0.0,Y,LP001432
1.0,0.0,1.0,1.0,194.0,360.0,1.0,0.0,6314.0,2014.0,Y,LP001439
1.0,0.0,0.0,0.0,93.0,360.0,0.0,0.0,3692.0,0.0,Y,LP001443
1.0,0.0,1.0,0.0,370.0,360.0,1.0,0.0,23803.0,0.0,Y,LP001448
1.0,0.0,0.0,0.0,146.41216216216216,360.0,1.0,0.0,5505.0,1640.0,Y,LP001449
0.0,2.0,1.0,0.0,160.0,180.0,1.0,1.0,14363.0,3850.0,N,LP001451
1.0,0.0,1.0,0.0,182.0,360.0,1.0,0.0,8649.0,2569.0,N,LP001465
1.0,2.0,0.0,0.0,650.0,480.0,1.0,1.0,20166.0,0.0,Y,LP001469
1.0,2.0,0.0,0.0,74.0,360.0,1.0,0.0,3943.0,1929.0,Y,LP001473
1.0,1.0,0.0,0.0,70.0,360.0,1.0,0.0,2718.0,0.0,Y,LP001478
1.0,1.0,1.0,0.0,25.0,120.0,1.0,1.0,3459.0,0.0,Y,LP001482
1.0,1.0,0.0,0.0,102.0,360.0,1.0,0.0,4895.0,0.0,Y,LP001487
1.0,1.0,1.0,0.0,290.0,360.0,1.0,0.0,11750.0,7750.0,N,LP001488
1.0,0.0,1.0,0.0,84.0,360.0,0.0,0.0,4583.0,0.0,N,LP001489
1.0,2.0,1.0,0.0,88.0,360.0,1.0,1.0,6816.0,3500.0,Y,LP001491
0.0,1.0,0.0,0.0,242.0,360.0,1.0,0.0,14999.0,0.0,N,LP001492
1.0,0.0,1.0,1.0,129.0,360.0,1.0,0.0,5630.0,1430.0,N,LP001493
1.0,0.0,1.0,0.0,185.0,360.0,1.0,0.0,7125.0,2083.0,N,LP001497
1.0,2.0,0.0,0.0,168.0,360.0,1.0,0.0,5417.0,0.0,Y,LP001498
1.0,1.0,0.0,0.0,175.0,180.0,1.0,1.0,6950.0,0.0,Y,LP001504
1.0,1.0,1.0,0.0,122.0,360.0,1.0,0.0,4732.0,2034.0,Y,LP001507
1.0,2.0,1.0,0.0,187.0,180.0,1.0,0.0,11757.0,0.0,Y,LP001508
1.0,1.0,1.0,0.0,100.0,360.0,0.0,0.0,6816.0,4486.0,Y,LP001514
1.0,2.0,1.0,0.0,70.0,360.0,0.0,0.0,14866.0,0.0,Y,LP001516
1.0,2.0,1.0,0.0,30.0,360.0,1.0,0.0,2963.0,1425.0,Y,LP001518
1.0,0.0,0.0,0.0,225.0,360.0,0.0,0.0,11666.0,1666.0,N,LP001519
1.0,1.0,1.0,0.0,125.0,360.0,1.0,0.0,5690.0,830.0,Y,LP001520
0.0,0.0,0.0,0.0,118.0,360.0,1.0,0.0,6277.0,0.0,N,LP001528
1.0,0.0,1.0,0.0,152.0,360.0,1.0,1.0,6327.0,3750.0,Y,LP001529
1.0,2.0,0.0,0.0,244.0,360.0,1.0,0.0,9166.0,0.0,N,LP001531
1.0,0.0,1.0,1.0,113.0,360.0,1.0,0.0,2281.0,0.0,N,LP001532
1.0,2.0,0.0,0.0,50.0,360.0,1.0,0.0,3254.0,0.0,Y,LP001535
0.0,1.0,1.0,0.0,600.0,180.0,1.0,0.0,39999.0,0.0,Y,LP001536
1.0,0.0,1.0,0.0,160.0,360.0,1.0,0.0,6000.0,0.0,Y,LP001541
1.0,2.0,1.0,0.0,187.0,360.0,1.0,0.0,9538.0,0.0,Y,LP001543
1.0,0.0,0.0,0.0,120.0,360.0,1.0,0.0,5063.0,2083.0,Y,LP001546
1.0,1.0,1.0,0.0,255.0,360.0,1.0,0.0,10208.0,5625.0,Y,LP001552
1.0,1.0,1.0,1.0,98.0,360.0,1.0,0.0,2904.0,1041.0,Y,LP001560
1.0,2.0,1.0,0.0,275.0,360.0,1.0,0.0,7933.0,0.0,N,LP001562
0.0,1.0,1.0,0.0,121.0,360.0,1.0,0.0,4369.0,1280.0,N,LP001565
1.0,0.0,1.0,0.0,158.0,360.0,1.0,0.0,5614.0,1447.0,Y,LP001570
1.0,2.0,1.0,0.0,75.0,180.0,1.0,0.0,9323.0,0.0,Y,LP001572
1.0,0.0,1.0,0.0,182.0,342.0,1.0,0.0,6873.0,3166.0,Y,LP001574
1.0,0.0,1.0,0.0,112.0,360.0,0.0,0.0,4583.0,0.0,N,LP001577
1.0,0.0,1.0,0.0,129.0,360.0,1.0,0.0,5772.0,3333.0,Y,LP001578
0.0,1.0,0.0,0.0,63.0,480.0,1.0,0.0,2237.0,0.0,N,LP001579
1.0,1.0,1.0,0.0,200.0,360.0,1.0,0.0,8000.0,0.0,Y,LP001580
1.0,0.0,1.0,1.0,95.0,360.0,1.0,0.0,3589.0,1769.0,Y,LP001581
1.0,2.0,1.0,0.0,700.0,300.0,1.0,0.0,51763.0,0.0,Y,LP001585
1.0,0.0,1.0,1.0,81.0,180.0,1.0,0.0,3522.0,0.0,N,LP001586
1.0,1.0,1.0,0.0,187.0,360.0,1.0,0.0,11333.0,5625.0,Y,LP001594
1.0,1.0,1.0,1.0,87.0,360.0,1.0,1.0,5080.0,736.0,N,LP001603
1.0,0.0,1.0,0.0,116.0,360.0,1.0,0.0,5461.0,1964.0,Y,LP001606
1.0,0.0,1.0,0.0,101.0,360.0,1.0,0.0,3664.0,1619.0,Y,LP001608
0.0,1.0,1.0,0.0,495.0,360.0,1.0,0.0,16816.0,11300.0,N,LP001610
1.0,1.0,1.0,0.0,116.0,360.0,1.0,0.0,3750.0,0.0,Y,LP001616
0.0,2.0,0.0,1.0,102.0,480.0,1.0,0.0,3784.0,1451.0,N,LP001630
0.0,2.0,1.0,0.0,180.0,360.0,1.0,0.0,13650.0,7250.0,N,LP001633
1.0,0.0,0.0,0.0,67.0,360.0,1.0,0.0,6979.0,5063.0,N,LP001634
1.0,1.0,1.0,0.0,73.0,180.0,1.0,0.0,4600.0,0.0,Y,LP001636
1.0,1.0,1.0,0.0,260.0,360.0,1.0,0.0,33846.0,0.0,N,LP001637
1.0,1.0,1.0,0.0,108.0,360.0,0.0,0.0,3625.0,0.0,Y,LP001639
1.0,1.0,1.0,0.0,120.0,360.0,1.0,1.0,43897.0,4750.0,Y,LP001640
0.0,0.0,1.0,0.0,66.0,300.0,1.0,1.0,2178.0,0.0,N,LP001641
1.0,0.0,1.0,0.0,58.0,360.0,1.0,0.0,4521.0,2138.0,Y,LP001643
1.0,0.0,1.0,0.0,168.0,360.0,1.0,1.0,5970.0,5296.0,Y,LP001644
1.0,0.0,1.0,0.0,188.0,180.0,1.0,0.0,9328.0,0.0,Y,LP001647
1.0,0.0,0.0,1.0,48.0,360.0,1.0,0.0,4885.0,0.0,Y,LP001653
1.0,1.0,0.0,0.0,164.0,360.0,1.0,0.0,12000.0,0.0,N,LP001656
1.0,2.0,1.0,1.0,160.0,360.0,1.0,0.0,6033.0,0.0,N,LP001657
1.0,1.0,0.0,0.0,76.0,360.0,1.0,0.0,3858.0,0.0,Y,LP001658
1.0,0.0,0.0,0.0,120.0,360.0,1.0,0.0,4191.0,0.0,Y,LP001664
1.0,1.0,1.0,0.0,170.0,360.0,1.0,0.0,5708.0,2583.0,N,LP001665
1.0,0.0,0.0,0.0,187.0,360.0,1.0,0.0,12083.0,3750.0,Y,LP001666
1.0,2.0,0.0,1.0,120.0,342.0,0.0,0.0,4272.0,2365.0,Y,LP001669
1.0,1.0,1.0,0.0,113.0,360.0,0.0,0.0,6232.0,2816.0,Y,LP001671
1.0,2.0,0.0,0.0,83.0,360.0,1.0,1.0,11000.0,0.0,N,LP001673
1.0,1.0,1.0,1.0,90.0,360.0,1.0,0.0,5100.0,2500.0,Y,LP001674
0.0,1.0,0.0,0.0,166.0,360.0,1.0,0.0,4923.0,0.0,Y,LP001677
1.0,2.0,1.0,1.0,146.41216216216216,180.0,1.0,0.0,3992.0,0.0,N,LP001682
1.0,2.0,1.0,1.0,135.0,360.0,1.0,0.0,4583.0,1083.0,Y,LP001688
1.0,1.0,1.0,1.0,124.0,360.0,1.0,0.0,3917.0,0.0,Y,LP001691
1.0,1.0,0.0,1.0,120.0,360.0,0.0,0.0,4408.0,0.0,Y,LP001692
1.0,2.0,0.0,0.0,80.0,360.0,0.0,0.0,3244.0,0.0,Y,LP001693
1.0,0.0,0.0,1.0,55.0,360.0,1.0,0.0,6506.0,2531.0,Y,LP001698
1.0,2.0,0.0,0.0,59.0,360.0,1.0,0.0,2479.0,0.0,Y,LP001699
1.0,1.0,0.0,0.0,127.0,360.0,1.0,0.0,3418.0,0.0,N,LP001702
1.0,1.0,0.0,0.0,214.0,360.0,0.0,0.0,10000.0,0.0,N,LP001708
0.0,1.0,1.0,0.0,128.0,360.0,1.0,0.0,4680.0,1250.0,N,LP001711
1.0,2.0,1.0,0.0,240.0,360.0,1.0,1.0,7787.0,0.0,Y,LP001713
1.0,0.0,1.0,1.0,130.0,360.0,1.0,1.0,5703.0,0.0,Y,LP001715
1.0,2.0,1.0,0.0,137.0,360.0,1.0,0.0,6194.0,3021.0,Y,LP001716
1.0,1.0,1.0,1.0,100.0,360.0,1.0,0.0,4833.0,983.0,Y,LP001720
1.0,0.0,1.0,0.0,135.0,360.0,1.0,0.0,1950.0,1800.0,N,LP001722
1.0,1.0,1.0,0.0,131.0,360.0,1.0,0.0,5502.0,1775.0,Y,LP001726
0.0,1.0,1.0,0.0,72.0,360.0,1.0,0.0,5000.0,0.0,N,LP001732
1.0,1.0,1.0,0.0,127.0,360.0,0.0,0.0,6666.0,2383.0,Y,LP001734
0.0,2.0,1.0,0.0,60.0,360.0,1.0,0.0,2221.0,0.0,N,LP001736
1.0,1.0,1.0,0.0,116.0,360.0,1.0,0.0,5726.0,1717.0,Y,LP001743
1.0,1.0,0.0,0.0,144.0,360.0,1.0,0.0,5762.0,2791.0,Y,LP001744
1.0,1.0,1.0,0.0,175.0,342.0,1.0,0.0,8588.0,1010.0,Y,LP001749
1.0,1.0,1.0,0.0,128.0,360.0,1.0,0.0,6250.0,0.0,Y,LP001750
1.0,0.0,1.0,0.0,170.0,360.0,1.0,0.0,3250.0,0.0,N,LP001751
1.0,2.0,1.0,1.0,138.0,360.0,1.0,1.0,4735.0,0.0,N,LP001754
1.0,1.0,1.0,0.0,210.0,360.0,1.0,0.0,7945.0,1695.0,Y,LP001758
1.0,1.0,1.0,0.0,158.0,480.0,1.0,0.0,4758.0,0.0,Y,LP001760
1.0,0.0,0.0,0.0,200.0,360.0,1.0,1.0,6400.0,0.0,Y,LP001761
1.0,1.0,1.0,0.0,104.0,360.0,1.0,0.0,4545.0,2054.0,Y,LP001765
1.0,0.0,1.0,0.0,42.0,180.0,1.0,0.0,3716.0,0.0,Y,LP001768
1.0,0.0,0.0,1.0,120.0,342.0,1.0,0.0,5787.0,2598.0,Y,LP001770
1.0,1.0,0.0,0.0,280.0,360.0,0.0,0.0,8333.0,0.0,Y,LP001776
1.0,1.0,1.0,0.0,140.0,360.0,1.0,0.0,4934.0,1779.0,Y,LP001778
1.0,0.0,1.0,0.0,170.0,360.0,1.0,0.0,6760.0,1260.0,Y,LP001784
1.0,2.0,1.0,0.0,255.0,360.0,1.0,0.0,5746.0,0.0,N,LP001786
1.0,2.0,0.0,0.0,122.0,360.0,0.0,1.0,3463.0,0.0,Y,LP001788
1.0,0.0,0.0,0.0,112.0,360.0,0.0,0.0,3812.0,0.0,Y,LP001790
1.0,1.0,1.0,0.0,96.0,360.0,1.0,0.0,3315.0,0.0,Y,LP001792
1.0,0.0,1.0,0.0,120.0,360.0,1.0,0.0,10819.0,5000.0,Y,LP001798
1.0,2.0,1.0,1.0,140.0,180.0,1.0,0.0,4493.0,1983.0,N,LP001800
1.0,2.0,0.0,0.0,155.0,60.0,1.0,0.0,8666.0,5701.0,Y,LP001806
1.0,0.0,1.0,0.0,108.0,360.0,1.0,1.0,7550.0,1300.0,Y,LP001807
1.0,1.0,1.0,1.0,123.0,360.0,1.0,0.0,7823.0,4417.0,Y,LP001811
1.0,2.0,0.0,0.0,120.0,180.0,1.0,1.0,10383.0,4333.0,N,LP001813
1.0,2.0,1.0,0.0,112.0,360.0,1.0,0.0,9703.0,0.0,Y,LP001814
1.0,2.0,1.0,1.0,137.0,180.0,1.0,0.0,6608.0,0.0,Y,LP001819
1.0,1.0,1.0,0.0,123.0,480.0,1.0,0.0,4725.0,1843.0,Y,LP001824
1.0,2.0,1.0,0.0,90.0,360.0,1.0,0.0,3677.0,1868.0,Y,LP001825
0.0,1.0,1.0,1.0,201.0,360.0,1.0,0.0,5558.0,3890.0,N,LP001835
1.0,2.0,0.0,0.0,138.0,360.0,0.0,0.0,3427.0,0.0,N,LP001836
1.0,0.0,0.0,1.0,104.0,360.0,1.0,1.0,4750.0,2167.0,Y,LP001841
1.0,1.0,1.0,1.0,279.0,180.0,1.0,0.0,9762.0,7101.0,Y,LP001843
0.0,2.0,0.0,0.0,192.0,360.0,1.0,1.0,16250.0,0.0,N,LP001844
1.0,0.0,0.0,0.0,255.0,360.0,0.0,0.0,3083.0,0.0,Y,LP001846
0.0,0.0,0.0,1.0,115.0,360.0,1.0,0.0,6045.0,0.0,N,LP001849
1.0,2.0,1.0,0.0,94.0,360.0,1.0,0.0,5250.0,0.0,N,LP001854
1.0,0.0,1.0,0.0,304.0,360.0,1.0,0.0,16783.0,2100.0,N,LP001859
1.0,1.0,1.0,1.0,128.0,360.0,1.0,0.0,4931.0,0.0,N,LP001864
1.0,2.0,1.0,0.0,330.0,360.0,1.0,0.0,10333.0,4250.0,Y,LP001865
1.0,1.0,0.0,0.0,134.0,360.0,1.0,0.0,4269.0,2209.0,Y,LP001868
1.0,1.0,0.0,0.0,155.0,36.0,0.0,0.0,3481.0,0.0,N,LP001870
1.0,0.0,0.0,0.0,120.0,360.0,0.0,0.0,7200.0,0.0,Y,LP001871
1.0,1.0,0.0,0.0,128.0,360.0,1.0,1.0,5166.0,0.0,Y,LP001872
1.0,0.0,0.0,0.0,151.0,360.0,1.0,0.0,7542.0,3447.0,Y,LP001875
1.0,1.0,1.0,0.0,150.0,360.0,1.0,0.0,6095.0,1387.0,Y,LP001877
0.0,2.0,1.0,0.0,160.0,360.0,1.0,0.0,6144.0,1811.0,Y,LP001882
1.0,0.0,0.0,0.0,135.0,360.0,0.0,0.0,3418.0,0.0,N,LP001883
1.0,2.0,0.0,0.0,90.0,360.0,0.0,0.0,4436.0,1560.0,Y,LP001884
1.0,2.0,0.0,0.0,30.0,360.0,0.0,0.0,3237.0,0.0,Y,LP001888
1.0,2.0,1.0,0.0,136.0,360.0,1.0,0.0,11146.0,0.0,Y,LP001891
1.0,0.0,0.0,0.0,126.0,360.0,1.0,0.0,4690.0,1857.0,Y,LP001892
1.0,1.0,1.0,0.0,150.0,360.0,1.0,0.0,4843.0,2223.0,Y,LP001894
1.0,1.0,1.0,0.0,90.0,360.0,1.0,0.0,3900.0,0.0,Y,LP001896
1.0,1.0,1.0,0.0,115.0,360.0,1.0,0.0,4592.0,1842.0,Y,LP001900
1.0,1.0,1.0,0.0,207.0,360.0,1.0,0.0,7267.0,3274.0,Y,LP001903
1.0,2.0,1.0,0.0,80.0,360.0,1.0,0.0,4403.0,1300.0,Y,LP001904
1.0,1.0,1.0,0.0,436.0,360.0,1.0,0.0,14583.0,0.0,Y,LP001907
1.0,0.0,1.0,1.0,124.0,360.0,0.0,0.0,4100.0,0.0,Y,LP001908
0.0,2.0,0.0,1.0,158.0,360.0,1.0,1.0,6479.0,2426.0,N,LP001910
1.0,1.0,1.0,0.0,112.0,360.0,1.0,0.0,4727.0,800.0,Y,LP001914
1.0,2.0,1.0,0.0,78.0,180.0,1.0,0.0,3286.7999878,985.7999878,Y,LP001915
1.0,2.0,0.0,0.0,54.0,360.0,0.0,0.0,3477.0,1666.0,Y,LP001917
1.0,0.0,1.0,0.0,146.41216216216216,360.0,1.0,0.0,20667.0,0.0,N,LP001922
1.0,0.0,0.0,0.0,89.0,360.0,1.0,0.0,6211.0,3053.0,Y,LP001924
1.0,1.0,0.0,0.0,99.0,300.0,0.0,1.0,4317.0,1717.0,N,LP001925
1.0,0.0,1.0,0.0,120.0,360.0,1.0,0.0,5704.0,2000.0,Y,LP001926
1.0,1.0,0.0,0.0,115.0,360.0,0.0,0.0,4124.0,0.0,Y,LP001931
1.0,0.0,0.0,0.0,187.0,360.0,1.0,0.0,9508.0,0.0,Y,LP001935
1.0,0.0,1.0,0.0,139.0,360.0,1.0,0.0,5491.0,2416.0,Y,LP001936
0.0,1.0,1.0,0.0,127.0,360.0,1.0,0.0,4400.0,0.0,N,LP001938
1.0,2.0,1.0,0.0,134.0,360.0,1.0,0.0,4713.0,1560.0,Y,LP001940
0.0,2.0,0.0,0.0,143.0,480.0,0.0,0.0,5417.0,0.0,N,LP001945
1.0,1.0,1.0,0.0,172.0,360.0,1.0,0.0,5717.0,3334.0,Y,LP001947
1.0,2.0,1.0,0.0,110.0,360.0,1.0,0.0,5666.0,1250.0,Y,LP001949
1.0,1.0,1.0,0.0,200.0,360.0,1.0,0.0,6875.0,0.0,Y,LP001953
1.0,2.0,1.0,0.0,135.0,360.0,0.0,0.0,4666.0,0.0,Y,LP001954
1.0,0.0,0.0,0.0,151.0,480.0,0.0,0.0,7541.0,2541.0,N,LP001955
1.0,2.0,1.0,0.0,113.0,360.0,1.0,0.0,4939.0,2925.0,N,LP001963
0.0,2.0,1.0,1.0,93.0,360.0,1.0,0.0,4734.0,2934.0,N,LP001964
1.0,1.0,1.0,1.0,105.0,360.0,1.0,0.0,4625.0,1750.0,Y,LP001972
1.0,0.0,0.0,0.0,132.0,360.0,0.0,0.0,5000.0,0.0,Y,LP001974
1.0,2.0,1.0,0.0,96.0,360.0,1.0,0.0,3428.0,1803.0,Y,LP001977
1.0,0.0,0.0,0.0,140.0,360.0,1.0,0.0,6500.0,2500.0,Y,LP001978
1.0,2.0,0.0,1.0,146.41216216216216,360.0,1.0,0.0,2000.0,0.0,N,LP001990
1.0,0.0,0.0,0.0,135.0,360.0,0.0,0.0,5428.0,1666.0,Y,LP001993
0.0,2.0,0.0,0.0,104.0,360.0,0.0,0.0,4263.0,1863.0,N,LP001994
1.0,0.0,0.0,0.0,480.0,360.0,1.0,0.0,20233.0,0.0,N,LP001996
1.0,0.0,1.0,1.0,185.0,360.0,1.0,0.0,7667.0,0.0,Y,LP001998
1.0,1.0,0.0,0.0,84.0,360.0,0.0,0.0,2917.0,0.0,Y,LP002002
1.0,1.0,0.0,1.0,111.0,360.0,1.0,0.0,5332.0,2405.0,Y,LP002004
1.0,0.0,0.0,0.0,56.0,360.0,0.0,0.0,2507.0,0.0,Y,LP002006
1.0,0.0,1.0,0.0,144.0,84.0,1.0,1.0,5746.0,0.0,Y,LP002008
1.0,0.0,1.0,0.0,159.0,360.0,1.0,0.0,4316.0,1843.0,N,LP002024
1.0,2.0,1.0,1.0,111.0,180.0,1.0,0.0,5039.0,1640.0,Y,LP002031
1.0,1.0,1.0,0.0,120.0,360.0,1.0,0.0,3717.0,0.0,Y,LP002035
1.0,2.0,1.0,0.0,88.0,360.0,1.0,0.0,4192.0,2134.0,Y,LP002036
1.0,1.0,0.0,0.0,112.0,360.0,0.0,0.0,3541.0,0.0,Y,LP002043
1.0,0.0,1.0,0.0,155.0,360.0,1.0,1.0,10000.0,0.0,N,LP002050
1.0,1.0,1.0,0.0,115.0,360.0,1.0,0.0,4567.0,2167.0,Y,LP002051
1.0,1.0,1.0,0.0,124.0,360.0,1.0,0.0,4531.0,189.0,Y,LP002053
1.0,0.0,1.0,1.0,146.41216216216216,360.0,1.0,0.0,5191.0,1590.0,Y,LP002054
1.0,0.0,0.0,0.0,132.0,360.0,0.0,0.0,6151.0,2985.0,Y,LP002055
1.0,0.0,1.0,0.0,300.0,360.0,1.0,0.0,15000.0,0.0,Y,LP002065
0.0,0.0,1.0,0.0,376.0,360.0,1.0,1.0,13649.0,4983.0,N,LP002067
0.0,0.0,0.0,0.0,130.0,360.0,1.0,0.0,4917.0,0.0,Y,LP002068
1.0,1.0,1.0,0.0,184.0,360.0,1.0,1.0,7978.0,2160.0,Y,LP002082
1.0,2.0,1.0,0.0,110.0,360.0,0.0,0.0,6784.0,2451.0,N,LP002086
1.0,2.0,0.0,0.0,67.0,360.0,0.0,0.0,2500.0,0.0,Y,LP002087
1.0,2.0,0.0,0.0,117.0,360.0,1.0,0.0,6177.0,1793.0,Y,LP002097
1.0,1.0,0.0,0.0,98.0,360.0,1.0,0.0,2935.0,0.0,Y,LP002098
1.0,2.0,0.0,0.0,71.0,360.0,1.0,0.0,2833.0,0.0,Y,LP002100
1.0,2.0,1.0,0.0,490.0,180.0,1.0,0.0,63337.0,0.0,Y,LP002101
1.0,2.0,1.0,0.0,182.0,180.0,1.0,1.0,11666.0,1833.0,Y,LP002103
1.0,1.0,1.0,0.0,70.0,342.0,1.0,1.0,9993.0,4490.0,Y,LP002106
1.0,0.0,1.0,0.0,160.0,360.0,1.0,0.0,5938.0,688.0,Y,LP002110
1.0,0.0,1.0,0.0,176.0,360.0,1.0,1.0,7100.0,4600.0,Y,LP002112
0.0,2.0,0.0,1.0,146.41216216216216,360.0,0.0,0.0,1830.0,0.0,N,LP002113
1.0,1.0,0.0,0.0,71.0,360.0,0.0,0.0,4160.0,0.0,Y,LP002114
1.0,0.0,1.0,1.0,173.0,360.0,1.0,0.0,4234.0,1587.0,N,LP002115
1.0,0.0,0.0,0.0,46.0,360.0,0.0,0.0,2378.0,0.0,N,LP002116
1.0,2.0,1.0,1.0,158.0,360.0,1.0,0.0,5783.0,1229.0,Y,LP002119
1.0,1.0,1.0,1.0,74.0,360.0,1.0,0.0,3173.0,0.0,Y,LP002126
1.0,0.0,1.0,0.0,125.0,360.0,1.0,0.0,4913.0,2330.0,Y,LP002128
1.0,1.0,1.0,0.0,160.0,360.0,1.0,0.0,4957.0,2458.0,Y,LP002129
0.0,0.0,1.0,1.0,152.0,360.0,1.0,0.0,6753.0,3230.0,N,LP002130
1.0,2.0,1.0,1.0,126.0,360.0,1.0,0.0,5251.0,2168.0,Y,LP002131
1.0,1.0,1.0,0.0,259.0,360.0,1.0,0.0,10916.0,4583.0,Y,LP002137
1.0,0.0,1.0,0.0,187.0,360.0,1.0,0.0,8875.0,6250.0,Y,LP002138
1.0,1.0,1.0,0.0,228.0,360.0,1.0,0.0,9083.0,0.0,Y,LP002139
1.0,0.0,0.0,0.0,308.0,360.0,1.0,0.0,12917.0,4167.0,N,LP002140
1.0,0.0,1.0,0.0,95.0,360.0,1.0,0.0,4749.0,2083.0,Y,LP002141
0.0,0.0,1.0,0.0,105.0,360.0,0.0,1.0,5500.0,0.0,N,LP002142
1.0,1.0,1.0,0.0,130.0,360.0,0.0,0.0,2928.0,505.0,Y,LP002143
1.0,2.0,0.0,0.0,116.0,180.0,0.0,0.0,3813.0,0.0,Y,LP002144
1.0,0.0,1.0,0.0,165.0,360.0,1.0,0.0,11500.0,3167.0,Y,LP002149
1.0,2.0,1.0,0.0,67.0,360.0,1.0,0.0,3875.0,0.0,N,LP002151
0.0,2.0,1.0,1.0,100.0,480.0,1.0,0.0,4666.0,1666.0,N,LP002158
1.0,1.0,1.0,0.0,200.0,360.0,1.0,0.0,8334.0,3167.0,Y,LP002160
1.0,1.0,0.0,0.0,81.0,360.0,0.0,0.0,4723.0,0.0,N,LP002161
1.0,1.0,1.0,0.0,236.0,360.0,1.0,0.0,8667.0,3667.0,Y,LP002170
1.0,2.0,1.0,0.0,130.0,360.0,1.0,0.0,7083.0,2333.0,Y,LP002175
1.0,2.0,1.0,0.0,95.0,300.0,1.0,0.0,6046.0,3033.0,Y,LP002178
1.0,0.0,0.0,0.0,141.0,360.0,1.0,1.0,6822.0,0.0,Y,LP002180
1.0,0.0,0.0,1.0,133.0,360.0,1.0,0.0,6216.0,0.0,N,LP002181
1.0,1.0,0.0,0.0,96.0,480.0,1.0,0.0,2500.0,0.0,N,LP002187
0.0,0.0,0.0,0.0,124.0,342.0,1.0,0.0,5124.0,0.0,N,LP002188
1.0,1.0,1.0,0.0,175.0,360.0,1.0,0.0,6325.0,0.0,Y,LP002190
1.0,0.0,1.0,0.0,570.0,360.0,1.0,0.0,24996.0,5266.0,N,LP002191
1.0,1.0,0.0,0.0,55.0,360.0,0.0,1.0,15759.0,0.0,Y,LP002194
1.0,1.0,1.0,0.0,155.0,360.0,1.0,0.0,5185.0,0.0,Y,LP002197
1.0,0.0,1.0,0.0,380.0,300.0,1.0,1.0,17196.0,7873.0,Y,LP002201
0.0,2.0,0.0,0.0,111.0,180.0,1.0,0.0,5049.0,1987.0,N,LP002205
1.0,2.0,0.0,0.0,110.0,360.0,0.0,0.0,4223.0,1459.0,Y,LP002209
1.0,2.0,1.0,0.0,120.0,180.0,1.0,0.0,5740.0,923.0,Y,LP002211
1.0,0.0,1.0,0.0,130.0,360.0,1.0,0.0,13746.0,4996.0,Y,LP002219
1.0,1.0,1.0,0.0,130.0,360.0,1.0,0.0,4310.0,0.0,Y,LP002223
1.0,2.0,0.0,0.0,71.0,480.0,1.0,0.0,3069.0,0.0,N,LP002224
1.0,2.0,1.0,0.0,130.0,360.0,1.0,0.0,5391.0,0.0,Y,LP002225
1.0,1.0,1.0,0.0,128.0,360.0,1.0,0.0,5833.0,2500.0,Y,LP002226
1.0,1.0,0.0,0.0,296.0,360.0,1.0,0.0,10173.0,4232.0,Y,LP002229
1.0,2.0,0.0,0.0,156.0,360.0,0.0,0.0,6000.0,0.0,Y,LP002231
1.0,2.0,0.0,0.0,128.0,360.0,1.0,1.0,7167.0,0.0,Y,LP002234
1.0,2.0,1.0,0.0,100.0,360.0,1.0,0.0,4566.0,0.0,N,LP002236
1.0,2.0,0.0,0.0,113.0,180.0,1.0,0.0,3667.0,0.0,Y,LP002237
1.0,1.0,0.0,1.0,132.0,360.0,1.0,0.0,3946.0,1600.0,Y,LP002239
0.0,2.0,1.0,1.0,146.41216216216216,360.0,1.0,0.0,6146.0,3136.0,N,LP002243
1.0,2.0,1.0,0.0,136.0,360.0,1.0,0.0,4750.0,2417.0,Y,LP002244
1.0,0.0,1.0,0.0,125.0,360.0,1.0,0.0,5488.0,0.0,Y,LP002250
1.0,0.0,0.0,0.0,185.0,360.0,1.0,0.0,9167.0,0.0,Y,LP002255
1.0,0.0,1.0,0.0,275.0,360.0,1.0,0.0,9504.0,0.0,Y,LP002262
1.0,2.0,1.0,0.0,120.0,360.0,1.0,0.0,4698.0,2115.0,Y,LP002263
1.0,1.0,1.0,1.0,113.0,180.0,1.0,0.0,3618.0,1625.0,Y,LP002265
1.0,2.0,1.0,0.0,113.0,360.0,1.0,0.0,4500.0,1400.0,Y,LP002266
1.0,1.0,1.0,0.0,135.0,360.0,1.0,0.0,3760.0,484.0,Y,LP002272
0.0,2.0,0.0,0.0,71.0,360.0,0.0,0.0,3180.0,0.0,N,LP002277
1.0,2.0,1.0,0.0,95.0,360.0,1.0,0.0,4492.0,1459.0,Y,LP002281
1.0,0.0,0.0,1.0,109.0,360.0,1.0,0.0,5568.0,1666.0,Y,LP002284
0.0,1.0,0.0,0.0,103.0,360.0,0.0,0.0,3300.0,1800.0,N,LP002287
0.0,2.0,1.0,1.0,45.0,180.0,1.0,0.0,2889.0,0.0,N,LP002288
1.0,0.0,0.0,1.0,65.0,300.0,1.0,0.0,2755.0,0.0,N,LP002296
1.0,1.0,0.0,0.0,103.0,360.0,1.0,0.0,22500.0,20000.0,Y,LP002297
1.0,1.0,0.0,1.0,53.0,360.0,0.0,0.0,1963.0,0.0,Y,LP002300
1.0,0.0,0.0,0.0,194.0,360.0,0.0,1.0,7441.0,0.0,N,LP002301
1.0,1.0,0.0,0.0,115.0,360.0,0.0,0.0,4547.0,0.0,Y,LP002305
1.0,2.0,1.0,1.0,115.0,360.0,1.0,0.0,4567.0,2400.0,Y,LP002308
1.0,0.0,0.0,1.0,66.0,360.0,0.0,0.0,2213.0,0.0,Y,LP002314
0.0,1.0,1.0,0.0,152.0,300.0,1.0,0.0,8300.0,0.0,N,LP002315
0.0,0.0,1.0,0.0,360.0,360.0,1.0,0.0,81000.0,0.0,N,LP002317
1.0,1.0,0.0,1.0,62.0,360.0,0.0,1.0,3867.0,0.0,N,LP002318
1.0,2.0,1.0,0.0,160.0,360.0,1.0,0.0,6256.0,0.0,Y,LP002319
0.0,0.0,1.0,1.0,218.0,360.0,1.0,0.0,6096.0,0.0,N,LP002328
1.0,0.0,1.0,1.0,110.0,360.0,1.0,0.0,4286.0,2033.0,Y,LP002332
0.0,1.0,1.0,1.0,178.0,360.0,0.0,0.0,5386.0,3237.0,N,LP002335
1.0,2.0,0.0,0.0,60.0,360.0,0.0,0.0,2995.0,0.0,Y,LP002337
1.0,2.0,0.0,0.0,160.0,360.0,0.0,0.0,2600.0,0.0,N,LP002341
1.0,2.0,1.0,0.0,239.0,360.0,1.0,1.0,21600.0,20000.0,N,LP002342
1.0,0.0,1.0,0.0,112.0,360.0,1.0,0.0,3798.0,2773.0,Y,LP002345
1.0,1.0,1.0,0.0,138.0,360.0,1.0,0.0,4663.0,1417.0,Y,LP002347
1.0,0.0,1.0,0.0,138.0,360.0,1.0,0.0,5829.0,0.0,Y,LP002348
0.0,2.0,0.0,1.0,80.0,342.0,0.0,0.0,2720.0,0.0,N,LP002357
1.0,2.0,1.0,0.0,100.0,360.0,1.0,0.0,3539.0,1719.0,Y,LP002361
0.0,2.0,1.0,0.0,110.0,342.0,1.0,0.0,8917.0,1667.0,N,LP002362
1.0,1.0,1.0,0.0,96.0,360.0,1.0,0.0,14880.0,0.0,Y,LP002364
1.0,0.0,1.0,0.0,121.0,360.0,1.0,0.0,6966.0,4300.0,Y,LP002366
1.0,0.0,0.0,1.0,81.0,360.0,0.0,0.0,4606.0,0.0,N,LP002367
1.0,1.0,1.0,0.0,133.0,360.0,1.0,0.0,5935.0,0.0,Y,LP002368
1.0,0.0,1.0,0.0,87.0,360.0,1.0,0.0,2936.12000084,16.12000084,Y,LP002369
1.0,2.0,0.0,1.0,60.0,180.0,1.0,0.0,2717.0,0.0,Y,LP002370
1.0,1.0,0.0,0.0,150.0,360.0,0.0,1.0,8624.0,0.0,Y,LP002377
0.0,0.0,0.0,0.0,105.0,360.0,1.0,0.0,6500.0,0.0,N,LP002379
1.0,1.0,0.0,0.0,405.0,360.0,1.0,0.0,12876.0,0.0,Y,LP002386
1.0,1.0,1.0,0.0,143.0,360.0,1.0,0.0,4765.0,2340.0,Y,LP002387
1.0,2.0,0.0,0.0,100.0,360.0,1.0,0.0,3750.0,0.0,Y,LP002390
1.0,1.0,1.0,0.0,146.41216216216216,240.0,0.0,0.0,10047.0,0.0,Y,LP002393
1.0,1.0,0.0,0.0,50.0,360.0,1.0,0.0,3777.0,1851.0,Y,LP002398
1.0,2.0,1.0,0.0,146.41216216216216,360.0,1.0,0.0,3338.0,1125.0,Y,LP002401
0.0,2.0,0.0,0.0,187.0,360.0,1.0,1.0,10416.0,0.0,N,LP002403
1.0,0.0,1.0,1.0,138.0,360.0,0.0,1.0,7142.0,0.0,Y,LP002407
1.0,1.0,0.0,0.0,187.0,360.0,1.0,0.0,8724.0,5064.0,Y,LP002408
1.0,0.0,1.0,0.0,180.0,360.0,1.0,0.0,9734.0,1833.0,Y,LP002409
1.0,1.0,0.0,1.0,148.0,360.0,1.0,0.0,6700.0,1993.0,Y,LP002418
1.0,1.0,0.0,0.0,152.0,360.0,1.0,0.0,37719.0,0.0,Y,LP002422
1.0,0.0,1.0,0.0,175.0,300.0,1.0,0.0,15666.0,8333.0,Y,LP002424
1.0,0.0,1.0,0.0,130.0,360.0,1.0,1.0,4676.0,1210.0,Y,LP002429
1.0,0.0,1.0,1.0,110.0,360.0,1.0,0.0,4652.0,0.0,Y,LP002434
1.0,0.0,1.0,0.0,55.0,360.0,1.0,0.0,4915.0,1376.0,N,LP002435
0.0,0.0,1.0,0.0,150.0,360.0,1.0,0.0,5050.0,1710.0,N,LP002443
1.0,1.0,0.0,1.0,190.0,360.0,1.0,1.0,4311.0,1542.0,N,LP002444
0.0,0.0,1.0,1.0,125.0,360.0,1.0,0.0,3564.0,1255.0,N,LP002446
1.0,2.0,1.0,1.0,60.0,300.0,1.0,0.0,3414.0,1456.0,Y,LP002447
0.0,0.0,1.0,0.0,149.0,360.0,1.0,0.0,5681.0,1733.0,N,LP002448
0.0,0.0,1.0,0.0,90.0,180.0,1.0,0.0,4949.0,2466.0,Y,LP002449
1.0,1.0,0.0,0.0,84.0,360.0,1.0,1.0,7085.0,0.0,Y,LP002453
1.0,1.0,1.0,0.0,96.0,360.0,1.0,0.0,3859.0,0.0,Y,LP002455
1.0,2.0,1.0,0.0,118.0,360.0,1.0,0.0,4301.0,0.0,Y,LP002459
1.0,2.0,1.0,0.0,173.0,360.0,1.0,0.0,6277.0,2569.0,N,LP002467
1.0,0.0,0.0,0.0,136.0,360.0,1.0,0.0,4354.0,0.0,Y,LP002472
1.0,1.0,1.0,0.0,160.0,360.0,1.0,0.0,8334.0,0.0,N,LP002473
1.0,1.0,1.0,0.0,160.0,360.0,1.0,1.0,6166.0,4083.0,Y,LP002478
1.0,2.0,1.0,0.0,128.0,180.0,1.0,0.0,7740.0,0.0,Y,LP002484
1.0,0.0,1.0,0.0,153.0,360.0,1.0,0.0,5203.0,2188.0,Y,LP002487
1.0,1.0,0.0,1.0,132.0,360.0,0.0,0.0,5191.0,0.0,Y,LP002489
0.0,1.0,0.0,0.0,98.0,360.0,1.0,0.0,4166.0,0.0,N,LP002493
1.0,0.0,0.0,0.0,140.0,360.0,1.0,0.0,6000.0,0.0,Y,LP002494
0.0,2.0,1.0,1.0,70.0,180.0,1.0,0.0,4611.0,1664.0,N,LP002500
1.0,1.0,1.0,0.0,110.0,360.0,1.0,0.0,16692.0,0.0,Y,LP002501
1.0,1.0,1.0,1.0,98.0,360.0,0.0,0.0,3127.0,2917.0,Y,LP002502
1.0,2.0,1.0,0.0,110.0,360.0,1.0,0.0,6784.0,2451.0,N,LP002505
1.0,1.0,1.0,0.0,162.0,360.0,1.0,1.0,5529.0,2079.0,Y,LP002515
0.0,0.0,1.0,1.0,113.0,180.0,1.0,0.0,4153.0,1500.0,N,LP002517
1.0,1.0,1.0,0.0,100.0,360.0,1.0,0.0,4691.0,0.0,Y,LP002519
1.0,2.0,0.0,0.0,93.0,360.0,0.0,1.0,2500.0,0.0,Y,LP002522
1.0,0.0,0.0,0.0,162.0,360.0,1.0,0.0,10180.0,4648.0,Y,LP002524
1.0,0.0,1.0,0.0,150.0,360.0,1.0,1.0,17539.0,1014.0,Y,LP002527
1.0,1.0,1.0,0.0,230.0,300.0,1.0,0.0,8450.0,1750.0,Y,LP002529
0.0,1.0,1.0,0.0,132.0,360.0,1.0,0.0,4745.0,1872.0,N,LP002530
1.0,1.0,1.0,0.0,86.0,360.0,1.0,1.0,18917.0,2250.0,Y,LP002531
1.0,2.0,1.0,0.0,146.41216216216216,360.0,1.0,0.0,4550.0,1603.0,N,LP002533
1.0,0.0,0.0,1.0,154.0,360.0,0.0,0.0,4350.0,0.0,Y,LP002534
1.0,0.0,1.0,1.0,113.0,360.0,1.0,0.0,3095.0,0.0,Y,LP002536
1.0,1.0,1.0,0.0,128.0,360.0,1.0,0.0,5233.0,3150.0,Y,LP002537
1.0,1.0,1.0,0.0,234.0,360.0,1.0,0.0,10833.0,0.0,Y,LP002541
1.0,1.0,1.0,0.0,246.0,360.0,1.0,0.0,8333.0,0.0,Y,LP002543
1.0,0.0,1.0,1.0,131.0,360.0,1.0,0.0,4394.0,2436.0,Y,LP002544
0.0,0.0,0.0,0.0,80.0,360.0,1.0,0.0,3547.0,0.0,N,LP002545
1.0,2.0,1.0,0.0,500.0,360.0,1.0,0.0,18333.0,0.0,N,LP002547
1.0,1.0,1.0,0.0,160.0,360.0,1.0,1.0,6666.0,2083.0,Y,LP002555
1.0,2.0,0.0,0.0,75.0,360.0,1.0,0.0,2435.0,0.0,N,LP002556
1.0,1.0,0.0,1.0,96.0,360.0,1.0,0.0,5484.0,2785.0,Y,LP002560
1.0,2.0,1.0,1.0,186.0,360.0,1.0,0.0,6464.0,1131.0,Y,LP002562
1.0,0.0,0.0,1.0,110.0,360.0,1.0,0.0,3691.0,0.0,Y,LP002571
1.0,1.0,0.0,1.0,225.0,360.0,0.0,1.0,17263.0,0.0,Y,LP002582
0.0,0.0,1.0,0.0,119.0,360.0,1.0,0.0,5754.0,2157.0,N,LP002585
1.0,1.0,1.0,0.0,105.0,84.0,0.0,0.0,4239.0,913.0,Y,LP002586
1.0,0.0,1.0,1.0,107.0,360.0,1.0,0.0,4300.0,1700.0,Y,LP002587
1.0,2.0,1.0,0.0,111.0,12.0,1.0,0.0,7482.0,2857.0,Y,LP002588
1.0,1.0,1.0,0.0,95.0,360.0,1.0,1.0,2895.0,0.0,Y,LP002600
0.0,0.0,0.0,0.0,209.0,360.0,1.0,0.0,10699.0,4416.0,N,LP002602
1.0,0.0,0.0,0.0,113.0,480.0,0.0,0.0,4328.0,3683.0,Y,LP002603
1.0,1.0,0.0,0.0,100.0,360.0,0.0,0.0,3159.0,0.0,Y,LP002606
1.0,1.0,1.0,0.0,208.0,360.0,1.0,0.0,10489.0,5624.0,Y,LP002615
1.0,0.0,1.0,1.0,138.0,360.0,1.0,0.0,9352.0,5302.0,N,LP002618
1.0,1.0,1.0,1.0,124.0,300.0,1.0,0.0,5297.0,1483.0,Y,LP002619
1.0,0.0,1.0,0.0,243.0,360.0,1.0,0.0,7926.0,4416.0,Y,LP002622
1.0,2.0,1.0,0.0,480.0,360.0,1.0,0.0,27500.0,6667.0,Y,LP002624
1.0,2.0,0.0,0.0,96.0,360.0,1.0,0.0,3583.0,0.0,N,LP002625
1.0,2.0,1.0,0.0,188.0,360.0,1.0,1.0,5492.0,3013.0,Y,LP002626
1.0,2.0,0.0,0.0,40.0,360.0,0.0,0.0,13262.0,0.0,Y,LP002634
1.0,0.0,0.0,1.0,100.0,360.0,1.0,0.0,4885.0,1287.0,N,LP002637
1.0,1.0,1.0,0.0,250.0,360.0,1.0,0.0,8069.0,2004.0,Y,LP002640
1.0,2.0,1.0,0.0,148.0,360.0,1.0,0.0,5318.0,2035.0,Y,LP002643
1.0,1.0,1.0,0.0,70.0,180.0,1.0,0.0,8796.0,6666.0,N,LP002648
1.0,0.0,0.0,0.0,311.0,360.0,1.0,0.0,9481.0,3666.0,N,LP002652
1.0,0.0,1.0,0.0,150.0,360.0,1.0,0.0,6894.0,3428.0,Y,LP002659
1.0,1.0,1.0,0.0,113.0,480.0,0.0,0.0,3663.0,1632.0,Y,LP002670
0.0,1.0,1.0,1.0,123.0,360.0,1.0,0.0,4874.0,1800.0,N,LP002682
1.0,1.0,0.0,0.0,185.0,360.0,1.0,0.0,6598.0,1915.0,N,LP002683
1.0,0.0,0.0,1.0,95.0,360.0,0.0,0.0,3400.0,0.0,N,LP002684
1.0,1.0,1.0,1.0,45.0,360.0,1.0,0.0,3934.0,1742.0,Y,LP002689
1.0,1.0,0.0,0.0,55.0,360.0,1.0,0.0,2500.0,0.0,Y,LP002690
1.0,0.0,1.0,0.0,100.0,360.0,1.0,1.0,7101.0,1424.0,Y,LP002692
1.0,0.0,1.0,0.0,480.0,360.0,1.0,1.0,15114.0,7166.0,Y,LP002693
1.0,1.0,0.0,0.0,146.41216216216216,360.0,1.0,0.0,6767.0,2087.0,N,LP002697
1.0,0.0,1.0,0.0,400.0,360.0,1.0,1.0,17500.0,0.0,Y,LP002699
1.0,1.0,1.0,0.0,110.0,360.0,1.0,0.0,3775.0,0.0,Y,LP002705
0.0,1.0,1.0,1.0,161.0,360.0,1.0,0.0,6715.0,1430.0,Y,LP002706
1.0,1.0,0.0,1.0,94.0,360.0,1.0,0.0,3981.0,1302.0,Y,LP002714
1.0,1.0,0.0,1.0,130.0,360.0,1.0,0.0,6783.0,0.0,Y,LP002716
1.0,0.0,1.0,0.0,216.0,360.0,1.0,0.0,6525.0,5500.0,Y,LP002717
1.0,2.0,1.0,0.0,100.0,360.0,1.0,0.0,4281.0,0.0,Y,LP002720
0.0,0.0,0.0,0.0,110.0,360.0,1.0,0.0,3588.0,0.0,N,LP002723
1.0,1.0,0.0,0.0,196.0,360.0,1.0,0.0,11250.0,0.0,N,LP002729
1.0,2.0,0.0,1.0,125.0,360.0,0.0,1.0,18165.0,0.0,Y,LP002731
1.0,0.0,0.0,1.0,126.0,360.0,1.0,0.0,4592.0,2042.0,Y,LP002732
1.0,2.0,1.0,0.0,324.0,360.0,1.0,0.0,10039.0,3906.0,Y,LP002734
1.0,1.0,0.0,0.0,107.0,360.0,1.0,0.0,3617.0,0.0,Y,LP002738
1.0,0.0,1.0,1.0,66.0,360.0,1.0,0.0,3453.0,536.0,N,LP002739
1.0,0.0,1.0,0.0,157.0,180.0,1.0,0.0,6417.0,0.0,Y,LP002740
1.0,1.0,1.0,0.0,140.0,180.0,0.0,0.0,7453.0,2845.0,Y,LP002741
0.0,1.0,0.0,0.0,99.0,360.0,0.0,0.0,2138.0,0.0,N,LP002743
1.0,1.0,0.0,0.0,95.0,360.0,0.0,0.0,3652.0,0.0,Y,LP002753
1.0,2.0,1.0,1.0,128.0,360.0,1.0,0.0,4763.0,2524.0,Y,LP002755
1.0,1.0,1.0,1.0,102.0,360.0,0.0,0.0,3680.0,663.0,Y,LP002757
1.0,0.0,1.0,0.0,155.0,360.0,1.0,0.0,4718.0,1950.0,Y,LP002767
1.0,1.0,0.0,1.0,80.0,36.0,1.0,0.0,3358.0,0.0,N,LP002768
1.0,0.0,0.0,0.0,145.0,360.0,1.0,0.0,4309.0,1783.0,Y,LP002772
0.0,1.0,0.0,0.0,103.0,360.0,0.0,0.0,5000.0,0.0,N,LP002776
1.0,0.0,1.0,0.0,110.0,360.0,1.0,0.0,4801.0,2016.0,Y,LP002777
0.0,0.0,1.0,0.0,146.41216216216216,360.0,1.0,1.0,6633.0,0.0,N,LP002778
1.0,0.0,1.0,1.0,146.41216216216216,360.0,1.0,0.0,4867.0,2375.0,Y,LP002784
1.0,2.0,1.0,0.0,158.0,360.0,1.0,0.0,6583.0,3250.0,Y,LP002785
0.0,2.0,1.0,1.0,181.0,360.0,1.0,0.0,4787.0,2333.0,N,LP002788
0.0,0.0,1.0,0.0,132.0,180.0,1.0,0.0,7859.0,4266.0,N,LP002789
1.0,1.0,1.0,0.0,26.0,360.0,1.0,0.0,6500.0,1032.0,Y,LP002792
1.0,2.0,0.0,0.0,84.0,360.0,0.0,0.0,4292.0,1625.0,Y,LP002794
1.0,1.0,1.0,0.0,260.0,360.0,1.0,1.0,10139.0,0.0,Y,LP002795
1.0,1.0,1.0,0.0,162.0,360.0,1.0,0.0,6556.0,2669.0,Y,LP002798
1.0,1.0,1.0,0.0,182.0,360.0,0.0,0.0,6486.0,2306.0,Y,LP002804
1.0,1.0,1.0,1.0,108.0,360.0,1.0,0.0,3917.0,242.0,Y,LP002807
1.0,1.0,1.0,0.0,600.0,360.0,0.0,1.0,19484.0,0.0,Y,LP002813
1.0,0.0,1.0,0.0,211.0,360.0,1.0,0.0,7977.0,2054.0,Y,LP002820
1.0,1.0,0.0,1.0,132.0,360.0,1.0,1.0,5800.0,0.0,Y,LP002821
0.0,2.0,1.0,0.0,258.0,360.0,1.0,0.0,8799.0,0.0,N,LP002832
1.0,0.0,1.0,1.0,120.0,360.0,1.0,0.0,4467.0,0.0,Y,LP002833
1.0,2.0,0.0,0.0,70.0,360.0,1.0,0.0,3333.0,0.0,Y,LP002836
0.0,0.0,1.0,0.0,123.0,360.0,1.0,0.0,5900.0,2500.0,N,LP002837
1.0,2.0,0.0,0.0,9.0,360.0,0.0,0.0,2378.0,0.0,N,LP002840
0.0,2.0,1.0,0.0,104.0,360.0,1.0,0.0,5230.0,2064.0,N,LP002841
1.0,2.0,1.0,0.0,186.0,360.0,1.0,0.0,5167.0,1750.0,Y,LP002842
0.0,2.0,1.0,0.0,165.0,360.0,1.0,0.0,6567.0,1451.0,N,LP002847
1.0,2.0,1.0,0.0,275.0,360.0,1.0,0.0,16666.0,0.0,Y,LP002855
1.0,1.0,1.0,1.0,187.0,480.0,1.0,0.0,7750.0,1625.0,N,LP002862
1.0,1.0,1.0,0.0,150.0,360.0,1.0,0.0,6406.0,0.0,N,LP002863
1.0,2.0,1.0,0.0,108.0,84.0,1.0,0.0,3620.0,461.0,Y,LP002868
0.0,1.0,1.0,0.0,136.0,360.0,1.0,0.0,5297.0,2210.0,N,LP002872
1.0,2.0,0.0,0.0,110.0,360.0,1.0,0.0,5968.0,2739.0,Y,LP002874
1.0,0.0,1.0,0.0,107.0,360.0,1.0,0.0,4014.0,2232.0,Y,LP002877
1.0,2.0,0.0,0.0,161.0,360.0,1.0,0.0,6099.0,2917.0,Y,LP002888
1.0,1.0,1.0,0.0,205.0,360.0,1.0,0.0,6540.0,0.0,Y,LP002892
1.0,2.0,0.0,0.0,90.0,360.0,1.0,0.0,35673.0,33837.0,N,LP002893
1.0,1.0,1.0,0.0,36.0,360.0,0.0,0.0,3166.0,0.0,Y,LP002894
1.0,0.0,1.0,0.0,61.0,360.0,1.0,0.0,1880.0,0.0,N,LP002898
0.0,0.0,1.0,0.0,146.0,360.0,1.0,0.0,4704.0,1917.0,N,LP002911
1.0,0.0,1.0,0.0,172.0,84.0,1.0,0.0,7283.0,3000.0,N,LP002912
1.0,2.0,1.0,0.0,104.0,360.0,1.0,0.0,3819.0,1522.0,Y,LP002916
1.0,1.0,0.0,1.0,70.0,360.0,0.0,0.0,2165.0,0.0,Y,LP002917
1.0,1.0,0.0,0.0,94.0,360.0,1.0,0.0,4750.0,0.0,Y,LP002925
0.0,1.0,1.0,0.0,106.0,360.0,1.0,1.0,2726.0,0.0,N,LP002926
1.0,1.0,1.0,0.0,56.0,180.0,1.0,0.0,6416.0,3416.0,Y,LP002928
1.0,1.0,1.0,0.0,205.0,240.0,1.0,1.0,6000.0,0.0,N,LP002931
1.0,1.0,0.0,0.0,292.0,360.0,1.0,1.0,9357.0,0.0,Y,LP002933
1.0,0.0,1.0,0.0,142.0,180.0,1.0,0.0,7159.0,3300.0,Y,LP002936
1.0,2.0,1.0,0.0,260.0,360.0,1.0,1.0,16120.0,0.0,Y,LP002938
1.0,0.0,0.0,1.0,110.0,360.0,1.0,0.0,3833.0,0.0,Y,LP002940
1.0,0.0,1.0,1.0,187.0,360.0,1.0,1.0,7383.0,1000.0,N,LP002941
0.0,1.0,0.0,0.0,88.0,360.0,1.0,0.0,2987.0,0.0,N,LP002943
1.0,0.0,1.0,0.0,180.0,360.0,1.0,1.0,9963.0,0.0,Y,LP002945
1.0,2.0,1.0,0.0,192.0,360.0,1.0,0.0,5780.0,0.0,Y,LP002948
1.0,2.0,0.0,0.0,350.0,180.0,0.0,0.0,42083.0,41667.0,N,LP002949
1.0,0.0,1.0,1.0,155.0,360.0,1.0,0.0,5686.0,2792.0,Y,LP002950
1.0,2.0,1.0,0.0,128.0,360.0,1.0,0.0,5703.0,0.0,Y,LP002953
1.0,0.0,0.0,0.0,172.0,360.0,1.0,0.0,7977.0,4301.0,Y,LP002958
1.0,1.0,1.0,0.0,496.0,360.0,0.0,0.0,12000.0,0.0,Y,LP002959
1.0,2.0,1.0,1.0,146.41216216216216,180.0,1.0,0.0,6200.0,3800.0,N,LP002960
1.0,1.0,1.0,0.0,173.0,360.0,1.0,0.0,5900.0,2500.0,Y,LP002961
1.0,0.0,1.0,1.0,157.0,360.0,1.0,0.0,5398.0,1411.0,Y,LP002964
1.0,0.0,1.0,0.0,108.0,360.0,1.0,0.0,5182.0,1950.0,Y,LP002974
1.0,0.0,0.0,0.0,71.0,360.0,0.0,0.0,2900.0,0.0,Y,LP002978
1.0,0.0,1.0,0.0,40.0,180.0,1.0,0.0,4106.0,0.0,Y,LP002979
1.0,2.0,1.0,0.0,253.0,360.0,1.0,0.0,8312.0,240.0,Y,LP002983
1.0,2.0,1.0,0.0,187.0,360.0,1.0,0.0,7583.0,0.0,Y,LP002984
0.0,1.0,0.0,0.0,133.0,360.0,0.0,1.0,4583.0,0.0,N,LP002990
